;decision-tree-classifier;kneighbors-classifier;random-forest-classifier
Accuracy;0.9947222222222222;0.9814090909090909;0.9951885521885522
F1;0.9947222641243478;0.9814093710925363;0.9951885162677147
Precision;0.9947223152475638;0.981409792194531;0.9951885466407348
Recall;0.9947222222222222;0.9814090909090909;0.9951885521885522
